Id,First_Name,Last_Name,NPI_Number
1,Dr. Alice,Brown,1234567890
2,Dr. James,White,9876543217
3,Dr. Charlie,Green,1122334455
4,Dr. Emily,Thompson,2233445566
5,Dr. Emily,Johnson,3344556677
6,Dr. David,Smith,4455667788
7,Dr. Megan,Lee,5566778899
8,Dr. Michael,Wilson,6677889900
9,Dr. Mark,Hernandez,7788990011
10,Dr. Sarah,Taylor,8899001122
11,Dr. James,Carter,9900112233
12,Dr. Jessica,Anderson,1011121314
13,Dr. Laura,Thomas,1213141516
14,Dr. John,Miller,1314151617
15,Dr. Patricia,Wilson,1415161718
16,Dr. David,Garcia,1516171819
17,Dr. Kevin,Brown,1617181920
18,Dr. Angela,Martinez,1718192021
19,Dr. Ashley,Davis,1819202122
20,Dr. Brian,Clark,1920212223
21,Dr. Jessica,Martinez,2021222324
22,Dr. Timothy,Lee,2122232425
23,Dr. Christopher,Roberts,2223242526
24,Dr. Michelle,Harris,2324252627
25,Dr. Andrew,King,2425262728
26,Dr. Olivia,Scott,2526272829
27,Dr. Amy,Wright,2627282930
28,Dr. David,Young,2728293031
29,Dr. Daniel,Edwards,2829303132
30,Dr. Rachel,Evans,2930313233
